Date operation;Date piece;Journal;N doc;Libelle;Compte debit;Compte credit;Montant;Sens;Tresorerie
2026-06-01;2026-06-01;VT J.C;FAC N331-26;CLTS PASSAGERS/99;411004;411004;0.000;D;
2026-06-01;2026-06-01;VT J.C;FAC N331-26;CLTS PASSAGERS/99;411004;411004;3914.220;D;
2026-06-01;2026-06-01;VT J.C;FAC N331-26;CLTS PASSAGERS/99;411004;707200;3127.906;C;
2026-06-01;2026-06-01;VT J.C;FAC N331-26;CLTS PASSAGERS/99;411004;707219;659.924;C;
2026-06-01;2026-06-01;VT J.C;FAC N331-26;CLTS PASSAGERS/99;411004;436711;125.386;C;
2026-06-01;2026-06-01;VT J.C;FAC N331-26;CLTS PASSAGERS/99;411004;437500;1.000;C;
2026-06-01;2026-06-01;VT J.C;FAC N331-26;CLTS PASSAGERS/99;411004;634500;0.004;C;
2026-06-02;2026-06-02;VT J.C;FAC N333-334-26;CLTS PASSAGERS/111/99;411004;411004;0.000;D;
2026-06-02;2026-06-02;VT J.C;FAC N333-334-26;CLTS PASSAGERS/111/99;411004;411004;4426.270;D;
2026-06-02;2026-06-02;VT J.C;FAC N333-334-26;CLTS PASSAGERS/111/99;411004;707200;3428.868;C;
2026-06-02;2026-06-02;VT J.C;FAC N333-334-26;CLTS PASSAGERS/111/99;411004;707219;836.474;C;
2026-06-02;2026-06-02;VT J.C;FAC N333-334-26;CLTS PASSAGERS/111/99;411004;436711;158.930;C;
2026-06-02;2026-06-02;VT J.C;FAC N333-334-26;CLTS PASSAGERS/111/99;411004;437500;2.000;C;
2026-06-02;2026-06-02;VT J.C;FAC N333-334-26;CLTS PASSAGERS/111/99;634500;411004;0.002;D;
2026-06-03;2026-06-03;VT J.C;FAC N336-26;CLTS PASSAGERS/99;411004;411004;0.000;D;
2026-06-03;2026-06-03;VT J.C;FAC N336-26;CLTS PASSAGERS/99;411004;411004;3223.800;D;
2026-06-03;2026-06-03;VT J.C;FAC N336-26;CLTS PASSAGERS/99;411004;707200;2391.302;C;
2026-06-03;2026-06-03;VT J.C;FAC N336-26;CLTS PASSAGERS/99;411004;707219;698.740;C;
2026-06-03;2026-06-03;VT J.C;FAC N336-26;CLTS PASSAGERS/99;411004;436711;132.761;C;
2026-06-03;2026-06-03;VT J.C;FAC N336-26;CLTS PASSAGERS/99;411004;437500;1.000;C;
2026-06-03;2026-06-03;VT J.C;FAC N336-26;CLTS PASSAGERS/99;634500;411004;0.003;D;
2026-06-04;2026-06-04;VT J.C;FAC N338-26;CLTS PASSAGERS/99;411004;411004;0.000;D;
2026-06-04;2026-06-04;VT J.C;FAC N338-26;CLTS PASSAGERS/99;411004;411004;4342.490;D;
2026-06-04;2026-06-04;VT J.C;FAC N338-26;CLTS PASSAGERS/99;411004;707200;2895.188;C;
2026-06-04;2026-06-04;VT J.C;FAC N338-26;CLTS PASSAGERS/99;411004;707219;1215.378;C;
2026-06-04;2026-06-04;VT J.C;FAC N338-26;CLTS PASSAGERS/99;411004;436711;230.922;C;
2026-06-04;2026-06-04;VT J.C;FAC N338-26;CLTS PASSAGERS/99;411004;437500;1.000;C;
2026-06-04;2026-06-04;VT J.C;FAC N338-26;CLTS PASSAGERS/99;411004;634500;0.002;C;
2026-06-05;2026-06-05;VT J.C;FAC N340-26;CLTS PASSAGERS/99;411004;411004;0.000;D;
2026-06-05;2026-06-05;VT J.C;FAC N340-26;CLTS PASSAGERS/99;411004;411004;4751.880;D;
2026-06-05;2026-06-05;VT J.C;FAC N340-26;CLTS PASSAGERS/99;411004;707200;3524.578;C;
2026-06-05;2026-06-05;VT J.C;FAC N340-26;CLTS PASSAGERS/99;411004;707219;1030.509;C;
2026-06-05;2026-06-05;VT J.C;FAC N340-26;CLTS PASSAGERS/99;411004;436711;195.797;C;
2026-06-05;2026-06-05;VT J.C;FAC N340-26;CLTS PASSAGERS/99;411004;437500;1.000;C;
2026-06-05;2026-06-05;VT J.C;FAC N340-26;CLTS PASSAGERS/99;634500;411004;0.004;D;
2026-06-06;2026-06-06;VT J.C;FAC N342-26;CLTS PASSAGERS/99;411004;411004;0.000;D;
2026-06-06;2026-06-06;VT J.C;FAC N342-26;CLTS PASSAGERS/99;411004;411004;4486.690;D;
2026-06-06;2026-06-06;VT J.C;FAC N342-26;CLTS PASSAGERS/99;411004;707200;3708.984;C;
2026-06-06;2026-06-06;VT J.C;FAC N342-26;CLTS PASSAGERS/99;411004;707219;652.697;C;
2026-06-06;2026-06-06;VT J.C;FAC N342-26;CLTS PASSAGERS/99;411004;436711;124.012;C;
2026-06-06;2026-06-06;VT J.C;FAC N342-26;CLTS PASSAGERS/99;411004;437500;1.000;C;
2026-06-06;2026-06-06;VT J.C;FAC N342-26;CLTS PASSAGERS/99;634500;411004;0.003;D;
2026-06-07;2026-06-07;VT J.C;FAC N344-26;CLTS PASSAGERS/99;411004;411004;0.000;D;
2026-06-07;2026-06-07;VT J.C;FAC N344-26;CLTS PASSAGERS/99;411004;411004;4417.560;D;
2026-06-07;2026-06-07;VT J.C;FAC N344-26;CLTS PASSAGERS/99;411004;707200;2898.148;C;
2026-06-07;2026-06-07;VT J.C;FAC N344-26;CLTS PASSAGERS/99;411004;707219;1275.973;C;
2026-06-07;2026-06-07;VT J.C;FAC N344-26;CLTS PASSAGERS/99;411004;436711;242.435;C;
2026-06-07;2026-06-07;VT J.C;FAC N344-26;CLTS PASSAGERS/99;411004;437500;1.000;C;
2026-06-07;2026-06-07;VT J.C;FAC N344-26;CLTS PASSAGERS/99;411004;634500;0.004;C;
2026-06-08;2026-06-08;VT J.C;FAC N347-26;CLTS PASSAGERS/99;411004;411004;0.000;D;
2026-06-08;2026-06-08;VT J.C;FAC N347-26;CLTS PASSAGERS/99;411004;411004;3450.550;D;
2026-06-08;2026-06-08;VT J.C;FAC N347-26;CLTS PASSAGERS/99;411004;707200;2879.048;C;
2026-06-08;2026-06-08;VT J.C;FAC N347-26;CLTS PASSAGERS/99;411004;707219;479.414;C;
2026-06-08;2026-06-08;VT J.C;FAC N347-26;CLTS PASSAGERS/99;411004;436711;91.089;C;
2026-06-08;2026-06-08;VT J.C;FAC N347-26;CLTS PASSAGERS/99;411004;437500;1.000;C;
2026-06-08;2026-06-08;VT J.C;FAC N347-26;CLTS PASSAGERS/99;634500;411004;0.001;D;
2026-06-09;2026-06-09;VT J.C;FAC N349-26;CLTS PASSAGERS/99;411004;411004;0.000;D;
2026-06-09;2026-06-09;VT J.C;FAC N349-26;CLTS PASSAGERS/99;411004;411004;3423.140;D;
2026-06-09;2026-06-09;VT J.C;FAC N349-26;CLTS PASSAGERS/99;411004;707200;2646.136;C;
2026-06-09;2026-06-09;VT J.C;FAC N349-26;CLTS PASSAGERS/99;411004;707219;652.104;C;
2026-06-09;2026-06-09;VT J.C;FAC N349-26;CLTS PASSAGERS/99;411004;436711;123.900;C;
2026-06-09;2026-06-09;VT J.C;FAC N349-26;CLTS PASSAGERS/99;411004;437500;1.000;C;
2026-06-10;2026-06-10;VT J.C;FAC N351-26;CLTS PASSAGERS/99;411004;411004;0.000;D;
2026-06-10;2026-06-10;VT J.C;FAC N351-26;CLTS PASSAGERS/99;411004;411004;4313.990;D;
2026-06-10;2026-06-10;VT J.C;FAC N351-26;CLTS PASSAGERS/99;411004;707200;3536.484;C;
2026-06-10;2026-06-10;VT J.C;FAC N351-26;CLTS PASSAGERS/99;411004;707219;652.523;C;
2026-06-10;2026-06-10;VT J.C;FAC N351-26;CLTS PASSAGERS/99;411004;436711;123.979;C;
2026-06-10;2026-06-10;VT J.C;FAC N351-26;CLTS PASSAGERS/99;411004;437500;1.000;C;
2026-06-10;2026-06-10;VT J.C;FAC N351-26;CLTS PASSAGERS/99;411004;634500;0.004;C;
2026-06-11;2026-06-11;VT J.C;FAC N353-26;CLTS PASSAGERS/99;411004;411004;0.000;D;
2026-06-11;2026-06-11;VT J.C;FAC N353-26;CLTS PASSAGERS/99;411004;411004;3324.990;D;
2026-06-11;2026-06-11;VT J.C;FAC N353-26;CLTS PASSAGERS/99;411004;707200;2583.887;C;
2026-06-11;2026-06-11;VT J.C;FAC N353-26;CLTS PASSAGERS/99;411004;707219;621.937;C;
2026-06-11;2026-06-11;VT J.C;FAC N353-26;CLTS PASSAGERS/99;411004;436711;118.168;C;
2026-06-11;2026-06-11;VT J.C;FAC N353-26;CLTS PASSAGERS/99;411004;437500;1.000;C;
2026-06-11;2026-06-11;VT J.C;FAC N353-26;CLTS PASSAGERS/99;634500;411004;0.002;D;
2026-06-12;2026-06-12;VT J.C;FAC N356-26;CLTS PASSAGERS/99;411004;411004;0.000;D;
2026-06-12;2026-06-12;VT J.C;FAC N356-26;CLTS PASSAGERS/99;411004;411004;4924.320;D;
2026-06-12;2026-06-12;VT J.C;FAC N356-26;CLTS PASSAGERS/99;411004;707200;3969.010;C;
2026-06-12;2026-06-12;VT J.C;FAC N356-26;CLTS PASSAGERS/99;411004;707219;801.939;C;
2026-06-12;2026-06-12;VT J.C;FAC N356-26;CLTS PASSAGERS/99;411004;436711;152.368;C;
2026-06-12;2026-06-12;VT J.C;FAC N356-26;CLTS PASSAGERS/99;411004;437500;1.000;C;
2026-06-12;2026-06-12;VT J.C;FAC N356-26;CLTS PASSAGERS/99;411004;634500;0.003;C;
2026-06-13;2026-06-13;VT J.C;FAC N358-26;CLTS PASSAGERS/99;411004;411004;0.000;D;
2026-06-13;2026-06-13;VT J.C;FAC N358-26;CLTS PASSAGERS/99;411004;411004;4990.050;D;
2026-06-13;2026-06-13;VT J.C;FAC N358-26;CLTS PASSAGERS/99;411004;707200;3811.040;C;
2026-06-13;2026-06-13;VT J.C;FAC N358-26;CLTS PASSAGERS/99;411004;707219;989.921;C;
2026-06-13;2026-06-13;VT J.C;FAC N358-26;CLTS PASSAGERS/99;411004;436711;188.085;C;
2026-06-13;2026-06-13;VT J.C;FAC N358-26;CLTS PASSAGERS/99;411004;437500;1.000;C;
2026-06-13;2026-06-13;VT J.C;FAC N358-26;CLTS PASSAGERS/99;411004;634500;0.004;C;
2026-06-14;2026-06-14;VT J.C;FAC N360-361-26;CLTS PASSAGERS/99/122;411004;411004;0.000;D;
2026-06-14;2026-06-14;VT J.C;FAC N360-361-26;CLTS PASSAGERS/99/122;411004;411004;4130.620;D;
2026-06-14;2026-06-14;VT J.C;FAC N360-361-26;CLTS PASSAGERS/99/122;411004;707200;3133.414;C;
2026-06-14;2026-06-14;VT J.C;FAC N360-361-26;CLTS PASSAGERS/99/122;411004;707219;836.307;C;
2026-06-14;2026-06-14;VT J.C;FAC N360-361-26;CLTS PASSAGERS/99/122;411004;436711;158.899;C;
2026-06-14;2026-06-14;VT J.C;FAC N360-361-26;CLTS PASSAGERS/99/122;411004;437500;2.000;C;
2026-06-15;2026-06-15;VT J.C;FAC N363-26;CLTS PASSAGERS/99;411004;411004;0.000;D;
2026-06-15;2026-06-15;VT J.C;FAC N363-26;CLTS PASSAGERS/99;411004;411004;3946.170;D;
2026-06-15;2026-06-15;VT J.C;FAC N363-26;CLTS PASSAGERS/99;411004;707200;2452.360;C;
2026-06-15;2026-06-15;VT J.C;FAC N363-26;CLTS PASSAGERS/99;411004;707219;1254.458;C;
2026-06-15;2026-06-15;VT J.C;FAC N363-26;CLTS PASSAGERS/99;411004;436711;238.347;C;
2026-06-15;2026-06-15;VT J.C;FAC N363-26;CLTS PASSAGERS/99;411004;437500;1.000;C;
2026-06-15;2026-06-15;VT J.C;FAC N363-26;CLTS PASSAGERS/99;411004;634500;0.005;C;
2026-06-16;2026-06-16;VT J.C;FAC N364-26;CLTS PASSAGERS/99;411004;411004;0.000;D;
2026-06-16;2026-06-16;VT J.C;FAC N364-26;CLTS PASSAGERS/99;411004;411004;4272.740;D;
2026-06-16;2026-06-16;VT J.C;FAC N364-26;CLTS PASSAGERS/99;411004;707200;3485.033;C;
2026-06-16;2026-06-16;VT J.C;FAC N364-26;CLTS PASSAGERS/99;411004;707219;661.094;C;
2026-06-16;2026-06-16;VT J.C;FAC N364-26;CLTS PASSAGERS/99;411004;436711;125.608;C;
2026-06-16;2026-06-16;VT J.C;FAC N364-26;CLTS PASSAGERS/99;411004;437500;1.000;C;
2026-06-16;2026-06-16;VT J.C;FAC N364-26;CLTS PASSAGERS/99;411004;634500;0.005;C;
2026-06-17;2026-06-17;VT J.C;FAC N365-26;CLTS PASSAGERS/99;411004;411004;0.000;D;
2026-06-17;2026-06-17;VT J.C;FAC N365-26;CLTS PASSAGERS/99;411004;411004;6048.620;D;
2026-06-17;2026-06-17;VT J.C;FAC N365-26;CLTS PASSAGERS/99;411004;707200;4812.914;C;
2026-06-17;2026-06-17;VT J.C;FAC N365-26;CLTS PASSAGERS/99;411004;707219;1037.571;C;
2026-06-17;2026-06-17;VT J.C;FAC N365-26;CLTS PASSAGERS/99;411004;436711;197.138;C;
2026-06-17;2026-06-17;VT J.C;FAC N365-26;CLTS PASSAGERS/99;411004;437500;1.000;C;
2026-06-17;2026-06-17;VT J.C;FAC N365-26;CLTS PASSAGERS/99;634500;411004;0.003;D;
2026-06-18;2026-06-18;VT J.C;FAC N366-367-26;CLTS PASSAGERS/102/99;411004;411004;0.000;D;
2026-06-18;2026-06-18;VT J.C;FAC N366-367-26;CLTS PASSAGERS/102/99;411004;411004;4931.990;D;
2026-06-18;2026-06-18;VT J.C;FAC N366-367-26;CLTS PASSAGERS/102/99;411004;707200;3827.988;C;
2026-06-18;2026-06-18;VT J.C;FAC N366-367-26;CLTS PASSAGERS/102/99;411004;707219;926.051;C;
2026-06-18;2026-06-18;VT J.C;FAC N366-367-26;CLTS PASSAGERS/102/99;411004;436711;175.950;C;
2026-06-18;2026-06-18;VT J.C;FAC N366-367-26;CLTS PASSAGERS/102/99;411004;437500;2.000;C;
2026-06-18;2026-06-18;VT J.C;FAC N366-367-26;CLTS PASSAGERS/102/99;411004;634500;0.001;C;
2026-06-19;2026-06-19;VT J.C;FAC N368-26;CLTS PASSAGERS/99;411004;411004;0.000;D;
2026-06-19;2026-06-19;VT J.C;FAC N368-26;CLTS PASSAGERS/99;411004;411004;4679.670;D;
2026-06-19;2026-06-19;VT J.C;FAC N368-26;CLTS PASSAGERS/99;411004;707200;3512.074;C;
2026-06-19;2026-06-19;VT J.C;FAC N368-26;CLTS PASSAGERS/99;411004;707219;980.335;C;
2026-06-19;2026-06-19;VT J.C;FAC N368-26;CLTS PASSAGERS/99;411004;436711;186.264;C;
2026-06-19;2026-06-19;VT J.C;FAC N368-26;CLTS PASSAGERS/99;411004;437500;1.000;C;
2026-06-19;2026-06-19;VT J.C;FAC N368-26;CLTS PASSAGERS/99;634500;411004;0.003;D;
2026-06-20;2026-06-20;VT J.C;FAC N369-26;CLTS PASSAGERS/99;411004;411004;0.000;D;
2026-06-20;2026-06-20;VT J.C;FAC N369-26;CLTS PASSAGERS/99;411004;411004;4089.540;D;
2026-06-20;2026-06-20;VT J.C;FAC N369-26;CLTS PASSAGERS/99;411004;707200;2989.332;C;
2026-06-20;2026-06-20;VT J.C;FAC N369-26;CLTS PASSAGERS/99;411004;707219;923.702;C;
2026-06-20;2026-06-20;VT J.C;FAC N369-26;CLTS PASSAGERS/99;411004;436711;175.503;C;
2026-06-20;2026-06-20;VT J.C;FAC N369-26;CLTS PASSAGERS/99;411004;437500;1.000;C;
2026-06-20;2026-06-20;VT J.C;FAC N369-26;CLTS PASSAGERS/99;411004;634500;0.003;C;
2026-06-21;2026-06-21;VT J.C;FAC N371-26;CLTS PASSAGERS/99;411004;411004;0.000;D;
2026-06-21;2026-06-21;VT J.C;FAC N371-26;CLTS PASSAGERS/99;411004;411004;4189.960;D;
2026-06-21;2026-06-21;VT J.C;FAC N371-26;CLTS PASSAGERS/99;411004;707200;3453.156;C;
2026-06-21;2026-06-21;VT J.C;FAC N371-26;CLTS PASSAGERS/99;411004;707219;618.322;C;
2026-06-21;2026-06-21;VT J.C;FAC N371-26;CLTS PASSAGERS/99;411004;436711;117.481;C;
2026-06-21;2026-06-21;VT J.C;FAC N371-26;CLTS PASSAGERS/99;411004;437500;1.000;C;
2026-06-21;2026-06-21;VT J.C;FAC N371-26;CLTS PASSAGERS/99;411004;634500;0.001;C;
2026-06-22;2026-06-22;VT J.C;FAC N373-26;CLTS PASSAGERS/99;411004;411004;0.000;D;
2026-06-22;2026-06-22;VT J.C;FAC N373-26;CLTS PASSAGERS/99;411004;411004;4319.640;D;
2026-06-22;2026-06-22;VT J.C;FAC N373-26;CLTS PASSAGERS/99;411004;707200;3291.031;C;
2026-06-22;2026-06-22;VT J.C;FAC N373-26;CLTS PASSAGERS/99;411004;707219;863.538;C;
2026-06-22;2026-06-22;VT J.C;FAC N373-26;CLTS PASSAGERS/99;411004;436711;164.072;C;
2026-06-22;2026-06-22;VT J.C;FAC N373-26;CLTS PASSAGERS/99;411004;437500;1.000;C;
2026-06-22;2026-06-22;VT J.C;FAC N373-26;CLTS PASSAGERS/99;634500;411004;0.001;D;
2026-06-23;2026-06-23;VT J.C;FAC N375-26;CLTS PASSAGERS/99;411004;411004;0.000;D;
2026-06-23;2026-06-23;VT J.C;FAC N375-26;CLTS PASSAGERS/99;411004;411004;2634.090;D;
2026-06-23;2026-06-23;VT J.C;FAC N375-26;CLTS PASSAGERS/99;411004;707200;2200.690;C;
2026-06-23;2026-06-23;VT J.C;FAC N375-26;CLTS PASSAGERS/99;411004;707219;363.362;C;
2026-06-23;2026-06-23;VT J.C;FAC N375-26;CLTS PASSAGERS/99;411004;436711;69.039;C;
2026-06-23;2026-06-23;VT J.C;FAC N375-26;CLTS PASSAGERS/99;411004;437500;1.000;C;
2026-06-23;2026-06-23;VT J.C;FAC N375-26;CLTS PASSAGERS/99;634500;411004;0.001;D;
2026-06-24;2026-06-24;VT J.C;FAC N377-26;CLTS PASSAGERS/99;411004;411004;0.000;D;
2026-06-24;2026-06-24;VT J.C;FAC N377-26;CLTS PASSAGERS/99;411004;411004;3873.110;D;
2026-06-24;2026-06-24;VT J.C;FAC N377-26;CLTS PASSAGERS/99;411004;707200;2838.909;C;
2026-06-24;2026-06-24;VT J.C;FAC N377-26;CLTS PASSAGERS/99;411004;707219;868.238;C;
2026-06-24;2026-06-24;VT J.C;FAC N377-26;CLTS PASSAGERS/99;411004;436711;164.965;C;
2026-06-24;2026-06-24;VT J.C;FAC N377-26;CLTS PASSAGERS/99;411004;437500;1.000;C;
2026-06-24;2026-06-24;VT J.C;FAC N377-26;CLTS PASSAGERS/99;634500;411004;0.002;D;
2026-06-25;2026-06-25;VT J.C;FAC N379-26;CLTS PASSAGERS/99;411004;411004;0.000;D;
2026-06-25;2026-06-25;VT J.C;FAC N379-26;CLTS PASSAGERS/99;411004;411004;3565.890;D;
2026-06-25;2026-06-25;VT J.C;FAC N379-26;CLTS PASSAGERS/99;411004;707200;2635.390;C;
2026-06-25;2026-06-25;VT J.C;FAC N379-26;CLTS PASSAGERS/99;411004;707219;781.093;C;
2026-06-25;2026-06-25;VT J.C;FAC N379-26;CLTS PASSAGERS/99;411004;436711;148.408;C;
2026-06-25;2026-06-25;VT J.C;FAC N379-26;CLTS PASSAGERS/99;411004;437500;1.000;C;
2026-06-25;2026-06-25;VT J.C;FAC N379-26;CLTS PASSAGERS/99;634500;411004;0.001;D;
2026-06-26;2026-06-26;VT J.C;FAC N381-26;CLTS PASSAGERS/99;411004;411004;0.000;D;
2026-06-26;2026-06-26;VT J.C;FAC N381-26;CLTS PASSAGERS/99;411004;411004;3227.410;D;
2026-06-26;2026-06-26;VT J.C;FAC N381-26;CLTS PASSAGERS/99;411004;707200;2447.910;C;
2026-06-26;2026-06-26;VT J.C;FAC N381-26;CLTS PASSAGERS/99;411004;707219;654.201;C;
2026-06-26;2026-06-26;VT J.C;FAC N381-26;CLTS PASSAGERS/99;411004;436711;124.298;C;
2026-06-26;2026-06-26;VT J.C;FAC N381-26;CLTS PASSAGERS/99;411004;437500;1.000;C;
2026-06-26;2026-06-26;VT J.C;FAC N381-26;CLTS PASSAGERS/99;411004;634500;0.001;C;
2026-06-27;2026-06-27;VT J.C;FAC N383-26;CLTS PASSAGERS/99;411004;411004;0.000;D;
2026-06-27;2026-06-27;VT J.C;FAC N383-26;CLTS PASSAGERS/99;411004;411004;4398.690;D;
2026-06-27;2026-06-27;VT J.C;FAC N383-26;CLTS PASSAGERS/99;411004;707200;3231.183;C;
2026-06-27;2026-06-27;VT J.C;FAC N383-26;CLTS PASSAGERS/99;411004;707219;980.254;C;
2026-06-27;2026-06-27;VT J.C;FAC N383-26;CLTS PASSAGERS/99;411004;436711;186.248;C;
2026-06-27;2026-06-27;VT J.C;FAC N383-26;CLTS PASSAGERS/99;411004;437500;1.000;C;
2026-06-27;2026-06-27;VT J.C;FAC N383-26;CLTS PASSAGERS/99;411004;634500;0.005;C;
2026-06-28;2026-06-28;VT J.C;FAC N385-386-26;CLTS PASSAGERS/113/99;411004;411004;0.000;D;
2026-06-28;2026-06-28;VT J.C;FAC N385-386-26;CLTS PASSAGERS/113/99;411004;411004;4383.670;D;
2026-06-28;2026-06-28;VT J.C;FAC N385-386-26;CLTS PASSAGERS/113/99;411004;707200;3294.566;C;
2026-06-28;2026-06-28;VT J.C;FAC N385-386-26;CLTS PASSAGERS/113/99;411004;707219;913.534;C;
2026-06-28;2026-06-28;VT J.C;FAC N385-386-26;CLTS PASSAGERS/113/99;411004;436711;173.572;C;
2026-06-28;2026-06-28;VT J.C;FAC N385-386-26;CLTS PASSAGERS/113/99;411004;437500;2.000;C;
2026-06-28;2026-06-28;VT J.C;FAC N385-386-26;CLTS PASSAGERS/113/99;634500;411004;0.002;D;
2026-06-29;2026-06-29;VT J.C;FAC N388-26;CLTS PASSAGERS/99;411004;411004;0.000;D;
2026-06-29;2026-06-29;VT J.C;FAC N388-26;CLTS PASSAGERS/99;411004;411004;4676.510;D;
2026-06-29;2026-06-29;VT J.C;FAC N388-26;CLTS PASSAGERS/99;411004;707200;3856.605;C;
2026-06-29;2026-06-29;VT J.C;FAC N388-26;CLTS PASSAGERS/99;411004;707219;688.152;C;
2026-06-29;2026-06-29;VT J.C;FAC N388-26;CLTS PASSAGERS/99;411004;436711;130.749;C;
2026-06-29;2026-06-29;VT J.C;FAC N388-26;CLTS PASSAGERS/99;411004;437500;1.000;C;
2026-06-29;2026-06-29;VT J.C;FAC N388-26;CLTS PASSAGERS/99;411004;634500;0.004;C;
2026-06-30;2026-06-30;VT J.C;FAC N390-26;CLTS PASSAGERS/99;411004;411004;0.000;D;
2026-06-30;2026-06-30;VT J.C;FAC N390-26;CLTS PASSAGERS/99;411004;411004;3484.220;D;
2026-06-30;2026-06-30;VT J.C;FAC N390-26;CLTS PASSAGERS/99;411004;707200;2678.115;C;
2026-06-30;2026-06-30;VT J.C;FAC N390-26;CLTS PASSAGERS/99;411004;707219;676.558;C;
2026-06-30;2026-06-30;VT J.C;FAC N390-26;CLTS PASSAGERS/99;411004;436711;128.546;C;
2026-06-30;2026-06-30;VT J.C;FAC N390-26;CLTS PASSAGERS/99;411004;437500;1.000;C;
2026-06-30;2026-06-30;VT J.C;FAC N390-26;CLTS PASSAGERS/99;411004;634500;0.001;C;